{
    "version": "1.0.0",
    "title": "Terminate an EC2 instance in an Auto Scaling Group",
    "description": "Simulate the termination of an EC2 instance in an ASG and verify it is replaced.",
    "tags": ["aws", "ec2", "asg", "resilience"],
    "configuration": {
        "aws_profile_name": "chaos",
         "aws_region": "ap-southeast-1"
    },
    "steady-state-hypothesis": {
      "title": "The Auto Scaling Group has a desired number of instances running",
      "probes": [
        {
          "type": "probe",
          "name": "check_desired_equals_healthy",
          "tolerance": true,
          "provider": {
            "type": "python",
            "module": "chaosaws.asg.probes",
            "func": "desired_equals_healthy",
            "arguments": {
              "asg_names": ["asg-chaos"]
            }
          }
        }
      ]
    },
    "method": [
      {
        "type": "action",
        "name": "terminate_random_instances_asg",
        "provider": {
          "type": "python",
          "module": "chaosaws.asg.actions",
          "func": "terminate_random_instances",
          "arguments": {
              "asg_names": ["asg-chaos"],
              "instance_count": 1
          }
        },
        "pause": {
            "after": 300
        }        
      }
    ],
    "rollbacks": [
      {
        "type": "action",
        "name": "rollback_terminate_random_instances",
        "provider": {
          "type": "python",
          "module": "chaosaws.asg.actions",
          "func": "terminate_random_instances",
          "arguments": {
              "asg_names": ["asg-chaos"],
              "instance_count": 1
          }
        }
      }
    ]
  }
  